{
  "started": 1778613644.1558678,
  "queries": 6,
  "last_model": "evez-vision",
  "alerts_sent": 0,
  "last_query": 1778613896.2148662
}